{
  "experiment": "exp001",
  "feature": "log_mel",
  "loss": "prototypical",
  "seed": 42,
  "git_commit": "51d8bfbcbdb8",
  "config_sha256": "f62f4a41e9e9e44c",
  "timestamp": "2026-07-06T11:22:15.134502",
  "smoke_test": true,
  "accuracy": 0.292,
  "accuracy_std": 0.0,
  "precision": 0.29952434243550197,
  "recall": 0.29200000000000004,
  "f1": 0.2921709215398583,
  "auc": 0.30951000000000006,
  "eer": 0.6400000000000002,
  "acc_at_1pct_far": 0.006,
  "acc_at_5pct_far": 0.044,
  "far": 0.0,
  "frr": 0.998,
  "total_params": 117760,
  "trainable_params": 117760,
  "inference_latency_ms": 7.88,
  "training_time_s": 45.5,
  "evaluation_time_s": 10.0,
  "n_way": 5,
  "n_support": 5,
  "n_query": 5,
  "n_episodes_eval": 20,
  "epochs": 3
}